,Table,totalGDP,,,,,,,
multi,,,,,,,,,
single,,,,,,,,,
,,,,,,,,,
,,,,,,,,,
,,263058869,275.4470786,311.6517797,,,234695875,832.6153778,929.1145734
,,21921572.42,22.95392321,25.97098164,,,6705596.429,23.78901079,26.54613067
